{
	"class_name" : "PinholeCameraParameters",
	"extrinsic" : 
	[
		-0.9430165658047015,
		0.32089329314495485,
		-0.08801846983726333,
		0.0,
		-0.32951998017087408,
		-0.93735342030923818,
		0.11307142920631851,
		0.0,
		-0.046220550473722116,
		0.1356320752962176,
		0.98968055495940077,
		0.0,
		-0.99632568918980668,
		-0.16076536957879739,
		-34.526033643993856,
		1.0
	],
	"intrinsic" : 
	{
		"height" : 1080,
		"intrinsic_matrix" : 
		[
			935.30743608719376,
			0.0,
			0.0,
			0.0,
			935.30743608719376,
			0.0,
			959.5,
			539.5,
			1.0
		],
		"width" : 1920
	},
	"version_major" : 1,
	"version_minor" : 0
}